split,statistic,count,mean,std,min,25%,50%,75%,90%,95%,99%,max
train,approx_observed_whitespace_tokens,12836.0,1251.1087566220006,916.0962825614615,0.0,1160.0,1293.0,1377.0,1442.0,1486.25,2297.149999999996,59768.0
train,approx_source_whitespace_tokens,12836.0,8018.670068557183,12239.734950846923,4.0,2390.75,4332.0,7751.0,14838.0,35681.25,62515.29999999999,115113.0
train,available_chunks,12836.0,48.909395450296046,76.7104277494859,0.0,14.0,26.0,46.0,89.0,228.0,387.0,1018.0
train,chunk_length,12836.0,256.0,0.0,256.0,256.0,256.0,256.0,256.0,256.0,256.0,256.0
train,chunk_overlap,12836.0,0.0,0.0,0.0,0.0,0.0,0.0,0.0,0.0,0.0,0.0
train,content_chunk_length,12836.0,254.0,0.0,254.0,254.0,254.0,254.0,254.0,254.0,254.0,254.0
train,observed_character_fraction,12836.0,0.39887110738834347,0.30633637951524545,0.0,0.1679545530848971,0.30100586783179095,0.550021695932186,1.0,1.0,1.0,1.0
train,observed_source_characters,12836.0,8184.479588656903,6144.025954732217,0.0,7464.0,8419.0,9046.25,9521.5,9839.0,15066.74999999998,395096.0
train,observed_token_fraction,12836.0,0.3983365109779606,0.30595894326120765,0.0,0.16757720448675484,0.30038570417726773,0.5493124057575838,1.0,1.0,1.0,1.0
train,original_source_characters,12836.0,62314.41033032097,169014.44755612698,119.0,15750.25,28175.5,50120.0,95750.0,236878.75,719117.0999999999,6915518.0
train,placeholder_chunks,12836.0,7.79058896852602e-05,0.008826431310854097,0.0,0.0,0.0,0.0,0.0,0.0,0.0,1.0
train,represented_text_units,12836.0,1.054767840448738,0.8595347673123145,0.0,1.0,1.0,1.0,1.0,1.0,2.0,61.0
train,selected_chunks,12836.0,7.833125584294173,5.5535818642829184,1.0,8.0,8.0,8.0,8.0,8.0,16.0,352.0
train,selected_model_tokens_with_specials,12836.0,1871.7782019320662,1317.9027831427522,2.0,1832.0,1906.0,1980.0,2024.0,2039.0,3748.5999999999985,81362.0
train,selected_transformer_tokens,12836.0,1856.1119507634778,1306.8178002016086,0.0,1816.0,1890.0,1964.0,2008.0,2023.0,3716.5999999999985,80658.0
train,source_characters,12836.0,51922.00420691804,78642.48306380358,119.0,15750.25,28175.5,50120.0,95750.0,236878.75,400000.0,400000.0
train,text_units,12836.0,1.054845746338423,0.8594844757468469,1.0,1.0,1.0,1.0,1.0,1.0,2.0,61.0
train,tokenized_text_units,12836.0,1.054767840448738,0.8595347673123145,0.0,1.0,1.0,1.0,1.0,1.0,2.0,61.0
train,total_transformer_tokens,12836.0,12289.504284823932,19467.618205889088,0.0,3484.25,6371.5,11518.0,22587.5,57826.0,98115.54999999997,258566.0
train,unique_selected_transformer_tokens,12836.0,1856.1119507634778,1306.8178002016086,0.0,1816.0,1890.0,1964.0,2008.0,2023.0,3716.5999999999985,80658.0
calibration,approx_observed_whitespace_tokens,1927.0,1224.377789309808,491.9897438806951,2.0,1152.0,1293.0,1372.0,1438.0,1480.6999999999998,2062.620000000001,12817.0
calibration,approx_source_whitespace_tokens,1927.0,7872.49974052932,12196.838224040766,2.0,2338.5,4313.0,7552.0,13596.600000000004,36467.499999999985,61770.56,77497.0
calibration,available_chunks,1927.0,47.59626362221069,74.42706010418424,1.0,14.0,26.0,45.0,84.40000000000009,216.0,374.44000000000005,561.0
calibration,chunk_length,1927.0,256.0,0.0,256.0,256.0,256.0,256.0,256.0,256.0,256.0,256.0
calibration,chunk_overlap,1927.0,0.0,0.0,0.0,0.0,0.0,0.0,0.0,0.0,0.0,0.0
calibration,content_chunk_length,1927.0,254.0,0.0,254.0,254.0,254.0,254.0,254.0,254.0,254.0,254.0
calibration,observed_character_fraction,1927.0,0.4071057511201964,0.3132650552534973,0.013455,0.1689519720575234,0.30086169611072294,0.5675103005546083,1.0,1.0,1.0,1.0
calibration,observed_source_characters,1927.0,8004.622729631552,3307.7873070221135,44.0,7375.5,8374.0,9008.5,9537.0,9863.199999999997,14997.440000000006,87852.0
calibration,observed_token_fraction,1927.0,0.40645875958537475,0.3129164251058467,0.01381731376816682,0.16939027659185957,0.3021978021978022,0.564259963212753,1.0,1.0,1.0,1.0
calibration,original_source_characters,1927.0,62436.8894654904,186352.33510903362,44.0,15268.0,27885.0,49572.0,86839.8,238251.79999999993,692201.2000000001,5401976.0
calibration,placeholder_chunks,1927.0,0.0,0.0,0.0,0.0,0.0,0.0,0.0,0.0,0.0,0.0
calibration,represented_text_units,1927.0,1.0384016606123507,0.41715440432544754,1.0,1.0,1.0,1.0,1.0,1.0,2.0,13.0
calibration,selected_chunks,1927.0,7.65905552672548,3.0729280080414445,1.0,8.0,8.0,8.0,8.0,8.0,16.0,81.0
calibration,selected_model_tokens_with_specials,1927.0,1827.6206538661131,741.9284482165998,12.0,1826.0,1900.0,1975.0,2021.0,2040.0,3770.2400000000002,18775.0
calibration,selected_transformer_tokens,1927.0,1812.302542812662,735.8187105364076,10.0,1810.0,1884.0,1959.0,2005.0,2024.0,3738.2400000000002,18617.0
calibration,source_characters,1927.0,51023.88894654904,78529.74341049038,44.0,15268.0,27885.0,49572.0,86839.8,238251.79999999993,400000.0,400000.0
calibration,text_units,1927.0,1.0384016606123507,0.41715440432544754,1.0,1.0,1.0,1.0,1.0,1.0,2.0,13.0
calibration,tokenized_text_units,1927.0,1.0384016606123507,0.41715440432544754,1.0,1.0,1.0,1.0,1.0,1.0,2.0,13.0
calibration,total_transformer_tokens,1927.0,11956.353399065905,18894.44006093238,10.0,3397.0,6371.0,11267.0,21354.600000000017,54674.7,95007.34000000001,142430.0
calibration,unique_selected_transformer_tokens,1927.0,1812.302542812662,735.8187105364076,10.0,1810.0,1884.0,1959.0,2005.0,2024.0,3738.2400000000002,18617.0
validation,approx_observed_whitespace_tokens,1988.0,1255.579476861167,633.7491809697243,26.0,1158.0,1299.0,1378.0,1441.3,1478.6499999999999,2534.13,13201.0
validation,approx_source_whitespace_tokens,1988.0,7953.829476861167,12058.35566961989,26.0,2309.25,4305.5,7840.75,14401.999999999993,34129.94999999999,63304.09999999999,81975.0
validation,available_chunks,1988.0,47.94818913480885,73.35567935579233,1.0,14.0,25.5,46.0,87.0,220.0,377.1299999999999,529.0
validation,chunk_length,1988.0,256.0,0.0,256.0,256.0,256.0,256.0,256.0,256.0,256.0,256.0
validation,chunk_overlap,1988.0,0.0,0.0,0.0,0.0,0.0,0.0,0.0,0.0,0.0,0.0
validation,content_chunk_length,1988.0,254.0,0.0,254.0,254.0,254.0,254.0,254.0,254.0,254.0,254.0
validation,observed_character_fraction,1988.0,0.4040193896519717,0.30877414324984603,0.014625,0.16636612354441088,0.3024778655865281,0.5689735145000914,1.0,1.0,1.0,1.0
validation,observed_source_characters,1988.0,8187.74245472837,3934.513115690736,156.0,7446.0,8440.0,9030.75,9489.3,9821.25,15948.709999999981,84935.0
validation,observed_token_fraction,1988.0,0.4033596251811949,0.30850168617249174,0.014719568762052252,0.16621425304301324,0.30089852591735333,0.5650995153694331,1.0,1.0,1.0,1.0
validation,original_source_characters,1988.0,59779.67354124749,132446.91961175145,156.0,15199.75,27789.0,50921.25,89768.09999999999,222954.14999999956,658874.25,1799689.0
validation,placeholder_chunks,1988.0,0.0,0.0,0.0,0.0,0.0,0.0,0.0,0.0,0.0,0.0
validation,represented_text_units,1988.0,1.0442655935613683,0.4843315649475366,1.0,1.0,1.0,1.0,1.0,1.0,2.0,12.0
validation,selected_chunks,1988.0,7.8279678068410465,3.665778093896205,1.0,8.0,8.0,8.0,8.0,8.0,16.0,83.0
validation,selected_model_tokens_with_specials,1988.0,1869.5387323943662,884.9424622872012,66.0,1831.0,1900.0,1976.0,2023.0,2039.0,3796.989999999997,19553.0
validation,selected_transformer_tokens,1988.0,1853.8827967806842,877.6408504343385,64.0,1815.0,1884.0,1960.0,2007.0,2023.0,3764.989999999997,19387.0
validation,source_characters,1988.0,51359.762072434605,76934.82286351219,156.0,15199.75,27789.0,50921.25,89768.09999999999,222954.14999999956,400000.0,400000.0
validation,text_units,1988.0,1.0442655935613683,0.4843315649475366,1.0,1.0,1.0,1.0,1.0,1.0,2.0,12.0
validation,tokenized_text_units,1988.0,1.0442655935613683,0.4843315649475366,1.0,1.0,1.0,1.0,1.0,1.0,2.0,12.0
validation,total_transformer_tokens,1988.0,12044.419014084508,18619.87570158317,64.0,3371.5,6350.0,11591.25,22023.199999999997,55737.64999999998,95667.79,134311.0
validation,unique_selected_transformer_tokens,1988.0,1853.8827967806842,877.6408504343385,64.0,1815.0,1884.0,1960.0,2007.0,2023.0,3764.989999999997,19387.0
