handle,dc.description.abstract[en],dc.subject[en],sedici.subject.materias[es],fulltext,dc.description.abstract[es],dc.subject[es]
10915/100000,The research study presents methods for Ciencias Informáticas and education.,Ciencias Informáticas::http://example.org/0||repositorios,Ciencias Informáticas||Educación,The paper reports reproducible results about Ciencias Informáticas. The paper reports reproducible results about Ciencias Informáticas. The paper reports reproducible results about Ciencias Informáticas. The paper reports reproducible results about Ciencias Informáticas. The paper reports reproducible results about Ciencias Informáticas. The paper reports reproducible results about Ciencias Informáticas. The paper reports reproducible results about Ciencias Informáticas. The paper reports reproducible results about Ciencias Informáticas. ,,
10915/100001,,,Educación,El trabajo presenta resultados reproducibles sobre Educación. El trabajo presenta resultados reproducibles sobre Educación. El trabajo presenta resultados reproducibles sobre Educación. El trabajo presenta resultados reproducibles sobre Educación. El trabajo presenta resultados reproducibles sobre Educación. El trabajo presenta resultados reproducibles sobre Educación. El trabajo presenta resultados reproducibles sobre Educación. El trabajo presenta resultados reproducibles sobre Educación. ,Esta investigación estudia métodos de Educación para la educación y la sociedad.,Educación::http://example.org/1||repositorios
10915/100002,,,Historia,El trabajo presenta resultados reproducibles sobre Historia. El trabajo presenta resultados reproducibles sobre Historia. El trabajo presenta resultados reproducibles sobre Historia. El trabajo presenta resultados reproducibles sobre Historia. El trabajo presenta resultados reproducibles sobre Historia. El trabajo presenta resultados reproducibles sobre Historia. El trabajo presenta resultados reproducibles sobre Historia. El trabajo presenta resultados reproducibles sobre Historia. ,Esta investigación estudia métodos de Historia para la educación y la sociedad.,Historia::http://example.org/2||repositorios
10915/100003,The research study presents methods for Química and education.,Química::http://example.org/3||repositorios,Química,The paper reports reproducible results about Química. The paper reports reproducible results about Química. The paper reports reproducible results about Química. The paper reports reproducible results about Química. The paper reports reproducible results about Química. The paper reports reproducible results about Química. The paper reports reproducible results about Química. The paper reports reproducible results about Química. ,,
10915/100004,,,Ciencias Informáticas,El trabajo presenta resultados reproducibles sobre Ciencias Informáticas. El trabajo presenta resultados reproducibles sobre Ciencias Informáticas. El trabajo presenta resultados reproducibles sobre Ciencias Informáticas. El trabajo presenta resultados reproducibles sobre Ciencias Informáticas. El trabajo presenta resultados reproducibles sobre Ciencias Informáticas. El trabajo presenta resultados reproducibles sobre Ciencias Informáticas. El trabajo presenta resultados reproducibles sobre Ciencias Informáticas. El trabajo presenta resultados reproducibles sobre Ciencias Informáticas. ,Esta investigación estudia métodos de Ciencias Informáticas para la educación y la sociedad.,Ciencias Informáticas::http://example.org/4||repositorios
10915/100005,,,Educación||Historia,El trabajo presenta resultados reproducibles sobre Educación. El trabajo presenta resultados reproducibles sobre Educación. El trabajo presenta resultados reproducibles sobre Educación. El trabajo presenta resultados reproducibles sobre Educación. El trabajo presenta resultados reproducibles sobre Educación. El trabajo presenta resultados reproducibles sobre Educación. El trabajo presenta resultados reproducibles sobre Educación. El trabajo presenta resultados reproducibles sobre Educación. ,Esta investigación estudia métodos de Educación para la educación y la sociedad.,Educación::http://example.org/5||repositorios
10915/100006,The research study presents methods for Historia and education.,Historia::http://example.org/6||repositorios,Historia,The paper reports reproducible results about Historia. The paper reports reproducible results about Historia. The paper reports reproducible results about Historia. The paper reports reproducible results about Historia. The paper reports reproducible results about Historia. The paper reports reproducible results about Historia. The paper reports reproducible results about Historia. The paper reports reproducible results about Historia. ,,
10915/100007,,,Química,El trabajo presenta resultados reproducibles sobre Química. El trabajo presenta resultados reproducibles sobre Química. El trabajo presenta resultados reproducibles sobre Química. El trabajo presenta resultados reproducibles sobre Química. El trabajo presenta resultados reproducibles sobre Química. El trabajo presenta resultados reproducibles sobre Química. El trabajo presenta resultados reproducibles sobre Química. El trabajo presenta resultados reproducibles sobre Química. ,Esta investigación estudia métodos de Química para la educación y la sociedad.,Química::http://example.org/7||repositorios
10915/100008,,,Ciencias Informáticas,El trabajo presenta resultados reproducibles sobre Ciencias Informáticas. El trabajo presenta resultados reproducibles sobre Ciencias Informáticas. El trabajo presenta resultados reproducibles sobre Ciencias Informáticas. El trabajo presenta resultados reproducibles sobre Ciencias Informáticas. El trabajo presenta resultados reproducibles sobre Ciencias Informáticas. El trabajo presenta resultados reproducibles sobre Ciencias Informáticas. El trabajo presenta resultados reproducibles sobre Ciencias Informáticas. El trabajo presenta resultados reproducibles sobre Ciencias Informáticas. ,Esta investigación estudia métodos de Ciencias Informáticas para la educación y la sociedad.,Ciencias Informáticas::http://example.org/8||repositorios
10915/100009,The research study presents methods for Educación and education.,Educación::http://example.org/9||repositorios,Educación,The paper reports reproducible results about Educación. The paper reports reproducible results about Educación. The paper reports reproducible results about Educación. The paper reports reproducible results about Educación. The paper reports reproducible results about Educación. The paper reports reproducible results about Educación. The paper reports reproducible results about Educación. The paper reports reproducible results about Educación. ,,
10915/100010,,,Historia||Química,El trabajo presenta resultados reproducibles sobre Historia. El trabajo presenta resultados reproducibles sobre Historia. El trabajo presenta resultados reproducibles sobre Historia. El trabajo presenta resultados reproducibles sobre Historia. El trabajo presenta resultados reproducibles sobre Historia. El trabajo presenta resultados reproducibles sobre Historia. El trabajo presenta resultados reproducibles sobre Historia. El trabajo presenta resultados reproducibles sobre Historia. ,Esta investigación estudia métodos de Historia para la educación y la sociedad.,Historia::http://example.org/10||repositorios
10915/100011,,,Química,El trabajo presenta resultados reproducibles sobre Química. El trabajo presenta resultados reproducibles sobre Química. El trabajo presenta resultados reproducibles sobre Química. El trabajo presenta resultados reproducibles sobre Química. El trabajo presenta resultados reproducibles sobre Química. El trabajo presenta resultados reproducibles sobre Química. El trabajo presenta resultados reproducibles sobre Química. El trabajo presenta resultados reproducibles sobre Química. ,Esta investigación estudia métodos de Química para la educación y la sociedad.,Química::http://example.org/11||repositorios
10915/100012,The research study presents methods for Ciencias Informáticas and education.,Ciencias Informáticas::http://example.org/12||repositorios,Ciencias Informáticas,The paper reports reproducible results about Ciencias Informáticas. The paper reports reproducible results about Ciencias Informáticas. The paper reports reproducible results about Ciencias Informáticas. The paper reports reproducible results about Ciencias Informáticas. The paper reports reproducible results about Ciencias Informáticas. The paper reports reproducible results about Ciencias Informáticas. The paper reports reproducible results about Ciencias Informáticas. The paper reports reproducible results about Ciencias Informáticas. ,,
10915/100013,,,Educación,El trabajo presenta resultados reproducibles sobre Educación. El trabajo presenta resultados reproducibles sobre Educación. El trabajo presenta resultados reproducibles sobre Educación. El trabajo presenta resultados reproducibles sobre Educación. El trabajo presenta resultados reproducibles sobre Educación. El trabajo presenta resultados reproducibles sobre Educación. El trabajo presenta resultados reproducibles sobre Educación. El trabajo presenta resultados reproducibles sobre Educación. ,Esta investigación estudia métodos de Educación para la educación y la sociedad.,Educación::http://example.org/13||repositorios
10915/100014,,,Historia,El trabajo presenta resultados reproducibles sobre Historia. El trabajo presenta resultados reproducibles sobre Historia. El trabajo presenta resultados reproducibles sobre Historia. El trabajo presenta resultados reproducibles sobre Historia. El trabajo presenta resultados reproducibles sobre Historia. El trabajo presenta resultados reproducibles sobre Historia. El trabajo presenta resultados reproducibles sobre Historia. El trabajo presenta resultados reproducibles sobre Historia. ,Esta investigación estudia métodos de Historia para la educación y la sociedad.,Historia::http://example.org/14||repositorios
10915/100015,The research study presents methods for Química and education.,Química::http://example.org/15||repositorios,Química||Ciencias Informáticas,The paper reports reproducible results about Química. The paper reports reproducible results about Química. The paper reports reproducible results about Química. The paper reports reproducible results about Química. The paper reports reproducible results about Química. The paper reports reproducible results about Química. The paper reports reproducible results about Química. The paper reports reproducible results about Química. ,,
10915/100016,,,Ciencias Informáticas,El trabajo presenta resultados reproducibles sobre Ciencias Informáticas. El trabajo presenta resultados reproducibles sobre Ciencias Informáticas. El trabajo presenta resultados reproducibles sobre Ciencias Informáticas. El trabajo presenta resultados reproducibles sobre Ciencias Informáticas. El trabajo presenta resultados reproducibles sobre Ciencias Informáticas. El trabajo presenta resultados reproducibles sobre Ciencias Informáticas. El trabajo presenta resultados reproducibles sobre Ciencias Informáticas. El trabajo presenta resultados reproducibles sobre Ciencias Informáticas. ,Esta investigación estudia métodos de Ciencias Informáticas para la educación y la sociedad.,Ciencias Informáticas::http://example.org/16||repositorios
10915/100017,,,Educación,El trabajo presenta resultados reproducibles sobre Educación. El trabajo presenta resultados reproducibles sobre Educación. El trabajo presenta resultados reproducibles sobre Educación. El trabajo presenta resultados reproducibles sobre Educación. El trabajo presenta resultados reproducibles sobre Educación. El trabajo presenta resultados reproducibles sobre Educación. El trabajo presenta resultados reproducibles sobre Educación. El trabajo presenta resultados reproducibles sobre Educación. ,Esta investigación estudia métodos de Educación para la educación y la sociedad.,Educación::http://example.org/17||repositorios
10915/100018,The research study presents methods for Historia and education.,Historia::http://example.org/18||repositorios,Historia,The paper reports reproducible results about Historia. The paper reports reproducible results about Historia. The paper reports reproducible results about Historia. The paper reports reproducible results about Historia. The paper reports reproducible results about Historia. The paper reports reproducible results about Historia. The paper reports reproducible results about Historia. The paper reports reproducible results about Historia. ,,
10915/100019,,,Química,El trabajo presenta resultados reproducibles sobre Química. El trabajo presenta resultados reproducibles sobre Química. El trabajo presenta resultados reproducibles sobre Química. El trabajo presenta resultados reproducibles sobre Química. El trabajo presenta resultados reproducibles sobre Química. El trabajo presenta resultados reproducibles sobre Química. El trabajo presenta resultados reproducibles sobre Química. El trabajo presenta resultados reproducibles sobre Química. ,Esta investigación estudia métodos de Química para la educación y la sociedad.,Química::http://example.org/19||repositorios
10915/100020,,,Ciencias Informáticas||Educación,El trabajo presenta resultados reproducibles sobre Ciencias Informáticas. El trabajo presenta resultados reproducibles sobre Ciencias Informáticas. El trabajo presenta resultados reproducibles sobre Ciencias Informáticas. El trabajo presenta resultados reproducibles sobre Ciencias Informáticas. El trabajo presenta resultados reproducibles sobre Ciencias Informáticas. El trabajo presenta resultados reproducibles sobre Ciencias Informáticas. El trabajo presenta resultados reproducibles sobre Ciencias Informáticas. El trabajo presenta resultados reproducibles sobre Ciencias Informáticas. ,Esta investigación estudia métodos de Ciencias Informáticas para la educación y la sociedad.,Ciencias Informáticas::http://example.org/20||repositorios
10915/100021,The research study presents methods for Educación and education.,Educación::http://example.org/21||repositorios,Educación,The paper reports reproducible results about Educación. The paper reports reproducible results about Educación. The paper reports reproducible results about Educación. The paper reports reproducible results about Educación. The paper reports reproducible results about Educación. The paper reports reproducible results about Educación. The paper reports reproducible results about Educación. The paper reports reproducible results about Educación. ,,
10915/100022,,,Historia,El trabajo presenta resultados reproducibles sobre Historia. El trabajo presenta resultados reproducibles sobre Historia. El trabajo presenta resultados reproducibles sobre Historia. El trabajo presenta resultados reproducibles sobre Historia. El trabajo presenta resultados reproducibles sobre Historia. El trabajo presenta resultados reproducibles sobre Historia. El trabajo presenta resultados reproducibles sobre Historia. El trabajo presenta resultados reproducibles sobre Historia. ,Esta investigación estudia métodos de Historia para la educación y la sociedad.,Historia::http://example.org/22||repositorios
10915/100023,,,Química,El trabajo presenta resultados reproducibles sobre Química. El trabajo presenta resultados reproducibles sobre Química. El trabajo presenta resultados reproducibles sobre Química. El trabajo presenta resultados reproducibles sobre Química. El trabajo presenta resultados reproducibles sobre Química. El trabajo presenta resultados reproducibles sobre Química. El trabajo presenta resultados reproducibles sobre Química. El trabajo presenta resultados reproducibles sobre Química. ,Esta investigación estudia métodos de Química para la educación y la sociedad.,Química::http://example.org/23||repositorios
10915/100024,The research study presents methods for Ciencias Informáticas and education.,Ciencias Informáticas::http://example.org/24||repositorios,Ciencias Informáticas,The paper reports reproducible results about Ciencias Informáticas. The paper reports reproducible results about Ciencias Informáticas. The paper reports reproducible results about Ciencias Informáticas. The paper reports reproducible results about Ciencias Informáticas. The paper reports reproducible results about Ciencias Informáticas. The paper reports reproducible results about Ciencias Informáticas. The paper reports reproducible results about Ciencias Informáticas. The paper reports reproducible results about Ciencias Informáticas. ,,
10915/100025,,,Educación||Historia,El trabajo presenta resultados reproducibles sobre Educación. El trabajo presenta resultados reproducibles sobre Educación. El trabajo presenta resultados reproducibles sobre Educación. El trabajo presenta resultados reproducibles sobre Educación. El trabajo presenta resultados reproducibles sobre Educación. El trabajo presenta resultados reproducibles sobre Educación. El trabajo presenta resultados reproducibles sobre Educación. El trabajo presenta resultados reproducibles sobre Educación. ,Esta investigación estudia métodos de Educación para la educación y la sociedad.,Educación::http://example.org/25||repositorios
10915/100026,,,Historia,El trabajo presenta resultados reproducibles sobre Historia. El trabajo presenta resultados reproducibles sobre Historia. El trabajo presenta resultados reproducibles sobre Historia. El trabajo presenta resultados reproducibles sobre Historia. El trabajo presenta resultados reproducibles sobre Historia. El trabajo presenta resultados reproducibles sobre Historia. El trabajo presenta resultados reproducibles sobre Historia. El trabajo presenta resultados reproducibles sobre Historia. ,Esta investigación estudia métodos de Historia para la educación y la sociedad.,Historia::http://example.org/26||repositorios
10915/100027,The research study presents methods for Química and education.,Química::http://example.org/27||repositorios,Química,The paper reports reproducible results about Química. The paper reports reproducible results about Química. The paper reports reproducible results about Química. The paper reports reproducible results about Química. The paper reports reproducible results about Química. The paper reports reproducible results about Química. The paper reports reproducible results about Química. The paper reports reproducible results about Química. ,,
10915/100028,,,Ciencias Informáticas,El trabajo presenta resultados reproducibles sobre Ciencias Informáticas. El trabajo presenta resultados reproducibles sobre Ciencias Informáticas. El trabajo presenta resultados reproducibles sobre Ciencias Informáticas. El trabajo presenta resultados reproducibles sobre Ciencias Informáticas. El trabajo presenta resultados reproducibles sobre Ciencias Informáticas. El trabajo presenta resultados reproducibles sobre Ciencias Informáticas. El trabajo presenta resultados reproducibles sobre Ciencias Informáticas. El trabajo presenta resultados reproducibles sobre Ciencias Informáticas. ,Esta investigación estudia métodos de Ciencias Informáticas para la educación y la sociedad.,Ciencias Informáticas::http://example.org/28||repositorios
10915/100029,,,Educación,El trabajo presenta resultados reproducibles sobre Educación. El trabajo presenta resultados reproducibles sobre Educación. El trabajo presenta resultados reproducibles sobre Educación. El trabajo presenta resultados reproducibles sobre Educación. El trabajo presenta resultados reproducibles sobre Educación. El trabajo presenta resultados reproducibles sobre Educación. El trabajo presenta resultados reproducibles sobre Educación. El trabajo presenta resultados reproducibles sobre Educación. ,Esta investigación estudia métodos de Educación para la educación y la sociedad.,Educación::http://example.org/29||repositorios
10915/100030,The research study presents methods for Historia and education.,Historia::http://example.org/30||repositorios,Historia||Química,The paper reports reproducible results about Historia. The paper reports reproducible results about Historia. The paper reports reproducible results about Historia. The paper reports reproducible results about Historia. The paper reports reproducible results about Historia. The paper reports reproducible results about Historia. The paper reports reproducible results about Historia. The paper reports reproducible results about Historia. ,,
10915/100031,,,Química,El trabajo presenta resultados reproducibles sobre Química. El trabajo presenta resultados reproducibles sobre Química. El trabajo presenta resultados reproducibles sobre Química. El trabajo presenta resultados reproducibles sobre Química. El trabajo presenta resultados reproducibles sobre Química. El trabajo presenta resultados reproducibles sobre Química. El trabajo presenta resultados reproducibles sobre Química. El trabajo presenta resultados reproducibles sobre Química. ,Esta investigación estudia métodos de Química para la educación y la sociedad.,Química::http://example.org/31||repositorios
10915/100032,,,Ciencias Informáticas,El trabajo presenta resultados reproducibles sobre Ciencias Informáticas. El trabajo presenta resultados reproducibles sobre Ciencias Informáticas. El trabajo presenta resultados reproducibles sobre Ciencias Informáticas. El trabajo presenta resultados reproducibles sobre Ciencias Informáticas. El trabajo presenta resultados reproducibles sobre Ciencias Informáticas. El trabajo presenta resultados reproducibles sobre Ciencias Informáticas. El trabajo presenta resultados reproducibles sobre Ciencias Informáticas. El trabajo presenta resultados reproducibles sobre Ciencias Informáticas. ,Esta investigación estudia métodos de Ciencias Informáticas para la educación y la sociedad.,Ciencias Informáticas::http://example.org/32||repositorios
10915/100033,The research study presents methods for Educación and education.,Educación::http://example.org/33||repositorios,Educación,The paper reports reproducible results about Educación. The paper reports reproducible results about Educación. The paper reports reproducible results about Educación. The paper reports reproducible results about Educación. The paper reports reproducible results about Educación. The paper reports reproducible results about Educación. The paper reports reproducible results about Educación. The paper reports reproducible results about Educación. ,,
10915/100034,,,Historia,El trabajo presenta resultados reproducibles sobre Historia. El trabajo presenta resultados reproducibles sobre Historia. El trabajo presenta resultados reproducibles sobre Historia. El trabajo presenta resultados reproducibles sobre Historia. El trabajo presenta resultados reproducibles sobre Historia. El trabajo presenta resultados reproducibles sobre Historia. El trabajo presenta resultados reproducibles sobre Historia. El trabajo presenta resultados reproducibles sobre Historia. ,Esta investigación estudia métodos de Historia para la educación y la sociedad.,Historia::http://example.org/34||repositorios
10915/100035,,,Química||Ciencias Informáticas,El trabajo presenta resultados reproducibles sobre Química. El trabajo presenta resultados reproducibles sobre Química. El trabajo presenta resultados reproducibles sobre Química. El trabajo presenta resultados reproducibles sobre Química. El trabajo presenta resultados reproducibles sobre Química. El trabajo presenta resultados reproducibles sobre Química. El trabajo presenta resultados reproducibles sobre Química. El trabajo presenta resultados reproducibles sobre Química. ,Esta investigación estudia métodos de Química para la educación y la sociedad.,Química::http://example.org/35||repositorios
10915/100036,The research study presents methods for Ciencias Informáticas and education.,Ciencias Informáticas::http://example.org/36||repositorios,Ciencias Informáticas,The paper reports reproducible results about Ciencias Informáticas. The paper reports reproducible results about Ciencias Informáticas. The paper reports reproducible results about Ciencias Informáticas. The paper reports reproducible results about Ciencias Informáticas. The paper reports reproducible results about Ciencias Informáticas. The paper reports reproducible results about Ciencias Informáticas. The paper reports reproducible results about Ciencias Informáticas. The paper reports reproducible results about Ciencias Informáticas. ,,
10915/100037,,,Educación,El trabajo presenta resultados reproducibles sobre Educación. El trabajo presenta resultados reproducibles sobre Educación. El trabajo presenta resultados reproducibles sobre Educación. El trabajo presenta resultados reproducibles sobre Educación. El trabajo presenta resultados reproducibles sobre Educación. El trabajo presenta resultados reproducibles sobre Educación. El trabajo presenta resultados reproducibles sobre Educación. El trabajo presenta resultados reproducibles sobre Educación. ,Esta investigación estudia métodos de Educación para la educación y la sociedad.,Educación::http://example.org/37||repositorios
10915/100038,,,Historia,El trabajo presenta resultados reproducibles sobre Historia. El trabajo presenta resultados reproducibles sobre Historia. El trabajo presenta resultados reproducibles sobre Historia. El trabajo presenta resultados reproducibles sobre Historia. El trabajo presenta resultados reproducibles sobre Historia. El trabajo presenta resultados reproducibles sobre Historia. El trabajo presenta resultados reproducibles sobre Historia. El trabajo presenta resultados reproducibles sobre Historia. ,Esta investigación estudia métodos de Historia para la educación y la sociedad.,Historia::http://example.org/38||repositorios
10915/100039,The research study presents methods for Química and education.,Química::http://example.org/39||repositorios,Química,The paper reports reproducible results about Química. The paper reports reproducible results about Química. The paper reports reproducible results about Química. The paper reports reproducible results about Química. The paper reports reproducible results about Química. The paper reports reproducible results about Química. The paper reports reproducible results about Química. The paper reports reproducible results about Química. ,,
10915/100040,,,Ciencias Informáticas||Educación,El trabajo presenta resultados reproducibles sobre Ciencias Informáticas. El trabajo presenta resultados reproducibles sobre Ciencias Informáticas. El trabajo presenta resultados reproducibles sobre Ciencias Informáticas. El trabajo presenta resultados reproducibles sobre Ciencias Informáticas. El trabajo presenta resultados reproducibles sobre Ciencias Informáticas. El trabajo presenta resultados reproducibles sobre Ciencias Informáticas. El trabajo presenta resultados reproducibles sobre Ciencias Informáticas. El trabajo presenta resultados reproducibles sobre Ciencias Informáticas. ,Esta investigación estudia métodos de Ciencias Informáticas para la educación y la sociedad.,Ciencias Informáticas::http://example.org/40||repositorios
10915/100041,,,Educación,El trabajo presenta resultados reproducibles sobre Educación. El trabajo presenta resultados reproducibles sobre Educación. El trabajo presenta resultados reproducibles sobre Educación. El trabajo presenta resultados reproducibles sobre Educación. El trabajo presenta resultados reproducibles sobre Educación. El trabajo presenta resultados reproducibles sobre Educación. El trabajo presenta resultados reproducibles sobre Educación. El trabajo presenta resultados reproducibles sobre Educación. ,Esta investigación estudia métodos de Educación para la educación y la sociedad.,Educación::http://example.org/41||repositorios
10915/100042,The research study presents methods for Historia and education.,Historia::http://example.org/42||repositorios,Historia,The paper reports reproducible results about Historia. The paper reports reproducible results about Historia. The paper reports reproducible results about Historia. The paper reports reproducible results about Historia. The paper reports reproducible results about Historia. The paper reports reproducible results about Historia. The paper reports reproducible results about Historia. The paper reports reproducible results about Historia. ,,
10915/100043,,,Química,El trabajo presenta resultados reproducibles sobre Química. El trabajo presenta resultados reproducibles sobre Química. El trabajo presenta resultados reproducibles sobre Química. El trabajo presenta resultados reproducibles sobre Química. El trabajo presenta resultados reproducibles sobre Química. El trabajo presenta resultados reproducibles sobre Química. El trabajo presenta resultados reproducibles sobre Química. El trabajo presenta resultados reproducibles sobre Química. ,Esta investigación estudia métodos de Química para la educación y la sociedad.,Química::http://example.org/43||repositorios
10915/100044,,,Ciencias Informáticas,El trabajo presenta resultados reproducibles sobre Ciencias Informáticas. El trabajo presenta resultados reproducibles sobre Ciencias Informáticas. El trabajo presenta resultados reproducibles sobre Ciencias Informáticas. El trabajo presenta resultados reproducibles sobre Ciencias Informáticas. El trabajo presenta resultados reproducibles sobre Ciencias Informáticas. El trabajo presenta resultados reproducibles sobre Ciencias Informáticas. El trabajo presenta resultados reproducibles sobre Ciencias Informáticas. El trabajo presenta resultados reproducibles sobre Ciencias Informáticas. ,Esta investigación estudia métodos de Ciencias Informáticas para la educación y la sociedad.,Ciencias Informáticas::http://example.org/44||repositorios
10915/100045,The research study presents methods for Educación and education.,Educación::http://example.org/45||repositorios,Educación||Historia,The paper reports reproducible results about Educación. The paper reports reproducible results about Educación. The paper reports reproducible results about Educación. The paper reports reproducible results about Educación. The paper reports reproducible results about Educación. The paper reports reproducible results about Educación. The paper reports reproducible results about Educación. The paper reports reproducible results about Educación. ,,
10915/100046,,,Historia,El trabajo presenta resultados reproducibles sobre Historia. El trabajo presenta resultados reproducibles sobre Historia. El trabajo presenta resultados reproducibles sobre Historia. El trabajo presenta resultados reproducibles sobre Historia. El trabajo presenta resultados reproducibles sobre Historia. El trabajo presenta resultados reproducibles sobre Historia. El trabajo presenta resultados reproducibles sobre Historia. El trabajo presenta resultados reproducibles sobre Historia. ,Esta investigación estudia métodos de Historia para la educación y la sociedad.,Historia::http://example.org/46||repositorios
10915/100047,,,Química,El trabajo presenta resultados reproducibles sobre Química. El trabajo presenta resultados reproducibles sobre Química. El trabajo presenta resultados reproducibles sobre Química. El trabajo presenta resultados reproducibles sobre Química. El trabajo presenta resultados reproducibles sobre Química. El trabajo presenta resultados reproducibles sobre Química. El trabajo presenta resultados reproducibles sobre Química. El trabajo presenta resultados reproducibles sobre Química. ,Esta investigación estudia métodos de Química para la educación y la sociedad.,Química::http://example.org/47||repositorios
10915/100048,The research study presents methods for Ciencias Informáticas and education.,Ciencias Informáticas::http://example.org/48||repositorios,Ciencias Informáticas,The paper reports reproducible results about Ciencias Informáticas. The paper reports reproducible results about Ciencias Informáticas. The paper reports reproducible results about Ciencias Informáticas. The paper reports reproducible results about Ciencias Informáticas. The paper reports reproducible results about Ciencias Informáticas. The paper reports reproducible results about Ciencias Informáticas. The paper reports reproducible results about Ciencias Informáticas. The paper reports reproducible results about Ciencias Informáticas. ,,
10915/100049,,,Educación,El trabajo presenta resultados reproducibles sobre Educación. El trabajo presenta resultados reproducibles sobre Educación. El trabajo presenta resultados reproducibles sobre Educación. El trabajo presenta resultados reproducibles sobre Educación. El trabajo presenta resultados reproducibles sobre Educación. El trabajo presenta resultados reproducibles sobre Educación. El trabajo presenta resultados reproducibles sobre Educación. El trabajo presenta resultados reproducibles sobre Educación. ,Esta investigación estudia métodos de Educación para la educación y la sociedad.,Educación::http://example.org/49||repositorios
10915/100050,,,Historia||Química,El trabajo presenta resultados reproducibles sobre Historia. El trabajo presenta resultados reproducibles sobre Historia. El trabajo presenta resultados reproducibles sobre Historia. El trabajo presenta resultados reproducibles sobre Historia. El trabajo presenta resultados reproducibles sobre Historia. El trabajo presenta resultados reproducibles sobre Historia. El trabajo presenta resultados reproducibles sobre Historia. El trabajo presenta resultados reproducibles sobre Historia. ,Esta investigación estudia métodos de Historia para la educación y la sociedad.,Historia::http://example.org/50||repositorios
10915/100051,The research study presents methods for Química and education.,Química::http://example.org/51||repositorios,Química,The paper reports reproducible results about Química. The paper reports reproducible results about Química. The paper reports reproducible results about Química. The paper reports reproducible results about Química. The paper reports reproducible results about Química. The paper reports reproducible results about Química. The paper reports reproducible results about Química. The paper reports reproducible results about Química. ,,
10915/100052,,,Ciencias Informáticas,El trabajo presenta resultados reproducibles sobre Ciencias Informáticas. El trabajo presenta resultados reproducibles sobre Ciencias Informáticas. El trabajo presenta resultados reproducibles sobre Ciencias Informáticas. El trabajo presenta resultados reproducibles sobre Ciencias Informáticas. El trabajo presenta resultados reproducibles sobre Ciencias Informáticas. El trabajo presenta resultados reproducibles sobre Ciencias Informáticas. El trabajo presenta resultados reproducibles sobre Ciencias Informáticas. El trabajo presenta resultados reproducibles sobre Ciencias Informáticas. ,Esta investigación estudia métodos de Ciencias Informáticas para la educación y la sociedad.,Ciencias Informáticas::http://example.org/52||repositorios
10915/100053,,,Educación,El trabajo presenta resultados reproducibles sobre Educación. El trabajo presenta resultados reproducibles sobre Educación. El trabajo presenta resultados reproducibles sobre Educación. El trabajo presenta resultados reproducibles sobre Educación. El trabajo presenta resultados reproducibles sobre Educación. El trabajo presenta resultados reproducibles sobre Educación. El trabajo presenta resultados reproducibles sobre Educación. El trabajo presenta resultados reproducibles sobre Educación. ,Esta investigación estudia métodos de Educación para la educación y la sociedad.,Educación::http://example.org/53||repositorios
10915/100054,The research study presents methods for Historia and education.,Historia::http://example.org/54||repositorios,Historia,The paper reports reproducible results about Historia. The paper reports reproducible results about Historia. The paper reports reproducible results about Historia. The paper reports reproducible results about Historia. The paper reports reproducible results about Historia. The paper reports reproducible results about Historia. The paper reports reproducible results about Historia. The paper reports reproducible results about Historia. ,,
10915/100055,,,Química||Ciencias Informáticas,El trabajo presenta resultados reproducibles sobre Química. El trabajo presenta resultados reproducibles sobre Química. El trabajo presenta resultados reproducibles sobre Química. El trabajo presenta resultados reproducibles sobre Química. El trabajo presenta resultados reproducibles sobre Química. El trabajo presenta resultados reproducibles sobre Química. El trabajo presenta resultados reproducibles sobre Química. El trabajo presenta resultados reproducibles sobre Química. ,Esta investigación estudia métodos de Química para la educación y la sociedad.,Química::http://example.org/55||repositorios
10915/100056,,,Ciencias Informáticas,El trabajo presenta resultados reproducibles sobre Ciencias Informáticas. El trabajo presenta resultados reproducibles sobre Ciencias Informáticas. El trabajo presenta resultados reproducibles sobre Ciencias Informáticas. El trabajo presenta resultados reproducibles sobre Ciencias Informáticas. El trabajo presenta resultados reproducibles sobre Ciencias Informáticas. El trabajo presenta resultados reproducibles sobre Ciencias Informáticas. El trabajo presenta resultados reproducibles sobre Ciencias Informáticas. El trabajo presenta resultados reproducibles sobre Ciencias Informáticas. ,Esta investigación estudia métodos de Ciencias Informáticas para la educación y la sociedad.,Ciencias Informáticas::http://example.org/56||repositorios
10915/100057,The research study presents methods for Educación and education.,Educación::http://example.org/57||repositorios,Educación,The paper reports reproducible results about Educación. The paper reports reproducible results about Educación. The paper reports reproducible results about Educación. The paper reports reproducible results about Educación. The paper reports reproducible results about Educación. The paper reports reproducible results about Educación. The paper reports reproducible results about Educación. The paper reports reproducible results about Educación. ,,
10915/100058,,,Historia,El trabajo presenta resultados reproducibles sobre Historia. El trabajo presenta resultados reproducibles sobre Historia. El trabajo presenta resultados reproducibles sobre Historia. El trabajo presenta resultados reproducibles sobre Historia. El trabajo presenta resultados reproducibles sobre Historia. El trabajo presenta resultados reproducibles sobre Historia. El trabajo presenta resultados reproducibles sobre Historia. El trabajo presenta resultados reproducibles sobre Historia. ,Esta investigación estudia métodos de Historia para la educación y la sociedad.,Historia::http://example.org/58||repositorios
10915/100059,,,Química,El trabajo presenta resultados reproducibles sobre Química. El trabajo presenta resultados reproducibles sobre Química. El trabajo presenta resultados reproducibles sobre Química. El trabajo presenta resultados reproducibles sobre Química. El trabajo presenta resultados reproducibles sobre Química. El trabajo presenta resultados reproducibles sobre Química. El trabajo presenta resultados reproducibles sobre Química. El trabajo presenta resultados reproducibles sobre Química. ,Esta investigación estudia métodos de Química para la educación y la sociedad.,Química::http://example.org/59||repositorios
10915/100060,The research study presents methods for Ciencias Informáticas and education.,Ciencias Informáticas::http://example.org/60||repositorios,Ciencias Informáticas||Educación,The paper reports reproducible results about Ciencias Informáticas. The paper reports reproducible results about Ciencias Informáticas. The paper reports reproducible results about Ciencias Informáticas. The paper reports reproducible results about Ciencias Informáticas. The paper reports reproducible results about Ciencias Informáticas. The paper reports reproducible results about Ciencias Informáticas. The paper reports reproducible results about Ciencias Informáticas. The paper reports reproducible results about Ciencias Informáticas. ,,
10915/100061,,,Educación,El trabajo presenta resultados reproducibles sobre Educación. El trabajo presenta resultados reproducibles sobre Educación. El trabajo presenta resultados reproducibles sobre Educación. El trabajo presenta resultados reproducibles sobre Educación. El trabajo presenta resultados reproducibles sobre Educación. El trabajo presenta resultados reproducibles sobre Educación. El trabajo presenta resultados reproducibles sobre Educación. El trabajo presenta resultados reproducibles sobre Educación. ,Esta investigación estudia métodos de Educación para la educación y la sociedad.,Educación::http://example.org/61||repositorios
10915/100062,,,Historia,El trabajo presenta resultados reproducibles sobre Historia. El trabajo presenta resultados reproducibles sobre Historia. El trabajo presenta resultados reproducibles sobre Historia. El trabajo presenta resultados reproducibles sobre Historia. El trabajo presenta resultados reproducibles sobre Historia. El trabajo presenta resultados reproducibles sobre Historia. El trabajo presenta resultados reproducibles sobre Historia. El trabajo presenta resultados reproducibles sobre Historia. ,Esta investigación estudia métodos de Historia para la educación y la sociedad.,Historia::http://example.org/62||repositorios
10915/100063,The research study presents methods for Química and education.,Química::http://example.org/63||repositorios,Química,The paper reports reproducible results about Química. The paper reports reproducible results about Química. The paper reports reproducible results about Química. The paper reports reproducible results about Química. The paper reports reproducible results about Química. The paper reports reproducible results about Química. The paper reports reproducible results about Química. The paper reports reproducible results about Química. ,,
10915/100064,,,Ciencias Informáticas,El trabajo presenta resultados reproducibles sobre Ciencias Informáticas. El trabajo presenta resultados reproducibles sobre Ciencias Informáticas. El trabajo presenta resultados reproducibles sobre Ciencias Informáticas. El trabajo presenta resultados reproducibles sobre Ciencias Informáticas. El trabajo presenta resultados reproducibles sobre Ciencias Informáticas. El trabajo presenta resultados reproducibles sobre Ciencias Informáticas. El trabajo presenta resultados reproducibles sobre Ciencias Informáticas. El trabajo presenta resultados reproducibles sobre Ciencias Informáticas. ,Esta investigación estudia métodos de Ciencias Informáticas para la educación y la sociedad.,Ciencias Informáticas::http://example.org/64||repositorios
10915/100065,,,Educación||Historia,El trabajo presenta resultados reproducibles sobre Educación. El trabajo presenta resultados reproducibles sobre Educación. El trabajo presenta resultados reproducibles sobre Educación. El trabajo presenta resultados reproducibles sobre Educación. El trabajo presenta resultados reproducibles sobre Educación. El trabajo presenta resultados reproducibles sobre Educación. El trabajo presenta resultados reproducibles sobre Educación. El trabajo presenta resultados reproducibles sobre Educación. ,Esta investigación estudia métodos de Educación para la educación y la sociedad.,Educación::http://example.org/65||repositorios
10915/100066,The research study presents methods for Historia and education.,Historia::http://example.org/66||repositorios,Historia,The paper reports reproducible results about Historia. The paper reports reproducible results about Historia. The paper reports reproducible results about Historia. The paper reports reproducible results about Historia. The paper reports reproducible results about Historia. The paper reports reproducible results about Historia. The paper reports reproducible results about Historia. The paper reports reproducible results about Historia. ,,
10915/100067,,,Química,El trabajo presenta resultados reproducibles sobre Química. El trabajo presenta resultados reproducibles sobre Química. El trabajo presenta resultados reproducibles sobre Química. El trabajo presenta resultados reproducibles sobre Química. El trabajo presenta resultados reproducibles sobre Química. El trabajo presenta resultados reproducibles sobre Química. El trabajo presenta resultados reproducibles sobre Química. El trabajo presenta resultados reproducibles sobre Química. ,Esta investigación estudia métodos de Química para la educación y la sociedad.,Química::http://example.org/67||repositorios
10915/100068,,,Ciencias Informáticas,El trabajo presenta resultados reproducibles sobre Ciencias Informáticas. El trabajo presenta resultados reproducibles sobre Ciencias Informáticas. El trabajo presenta resultados reproducibles sobre Ciencias Informáticas. El trabajo presenta resultados reproducibles sobre Ciencias Informáticas. El trabajo presenta resultados reproducibles sobre Ciencias Informáticas. El trabajo presenta resultados reproducibles sobre Ciencias Informáticas. El trabajo presenta resultados reproducibles sobre Ciencias Informáticas. El trabajo presenta resultados reproducibles sobre Ciencias Informáticas. ,Esta investigación estudia métodos de Ciencias Informáticas para la educación y la sociedad.,Ciencias Informáticas::http://example.org/68||repositorios
10915/100069,The research study presents methods for Educación and education.,Educación::http://example.org/69||repositorios,Educación,The paper reports reproducible results about Educación. The paper reports reproducible results about Educación. The paper reports reproducible results about Educación. The paper reports reproducible results about Educación. The paper reports reproducible results about Educación. The paper reports reproducible results about Educación. The paper reports reproducible results about Educación. The paper reports reproducible results about Educación. ,,
10915/100070,,,Historia||Química,El trabajo presenta resultados reproducibles sobre Historia. El trabajo presenta resultados reproducibles sobre Historia. El trabajo presenta resultados reproducibles sobre Historia. El trabajo presenta resultados reproducibles sobre Historia. El trabajo presenta resultados reproducibles sobre Historia. El trabajo presenta resultados reproducibles sobre Historia. El trabajo presenta resultados reproducibles sobre Historia. El trabajo presenta resultados reproducibles sobre Historia. ,Esta investigación estudia métodos de Historia para la educación y la sociedad.,Historia::http://example.org/70||repositorios
10915/100071,,,Química,El trabajo presenta resultados reproducibles sobre Química. El trabajo presenta resultados reproducibles sobre Química. El trabajo presenta resultados reproducibles sobre Química. El trabajo presenta resultados reproducibles sobre Química. El trabajo presenta resultados reproducibles sobre Química. El trabajo presenta resultados reproducibles sobre Química. El trabajo presenta resultados reproducibles sobre Química. El trabajo presenta resultados reproducibles sobre Química. ,Esta investigación estudia métodos de Química para la educación y la sociedad.,Química::http://example.org/71||repositorios
10915/100072,The research study presents methods for Ciencias Informáticas and education.,Ciencias Informáticas::http://example.org/72||repositorios,Ciencias Informáticas,The paper reports reproducible results about Ciencias Informáticas. The paper reports reproducible results about Ciencias Informáticas. The paper reports reproducible results about Ciencias Informáticas. The paper reports reproducible results about Ciencias Informáticas. The paper reports reproducible results about Ciencias Informáticas. The paper reports reproducible results about Ciencias Informáticas. The paper reports reproducible results about Ciencias Informáticas. The paper reports reproducible results about Ciencias Informáticas. ,,
10915/100073,,,Educación,El trabajo presenta resultados reproducibles sobre Educación. El trabajo presenta resultados reproducibles sobre Educación. El trabajo presenta resultados reproducibles sobre Educación. El trabajo presenta resultados reproducibles sobre Educación. El trabajo presenta resultados reproducibles sobre Educación. El trabajo presenta resultados reproducibles sobre Educación. El trabajo presenta resultados reproducibles sobre Educación. El trabajo presenta resultados reproducibles sobre Educación. ,Esta investigación estudia métodos de Educación para la educación y la sociedad.,Educación::http://example.org/73||repositorios
10915/100074,,,Historia,El trabajo presenta resultados reproducibles sobre Historia. El trabajo presenta resultados reproducibles sobre Historia. El trabajo presenta resultados reproducibles sobre Historia. El trabajo presenta resultados reproducibles sobre Historia. El trabajo presenta resultados reproducibles sobre Historia. El trabajo presenta resultados reproducibles sobre Historia. El trabajo presenta resultados reproducibles sobre Historia. El trabajo presenta resultados reproducibles sobre Historia. ,Esta investigación estudia métodos de Historia para la educación y la sociedad.,Historia::http://example.org/74||repositorios
10915/100075,The research study presents methods for Química and education.,Química::http://example.org/75||repositorios,Química||Ciencias Informáticas,The paper reports reproducible results about Química. The paper reports reproducible results about Química. The paper reports reproducible results about Química. The paper reports reproducible results about Química. The paper reports reproducible results about Química. The paper reports reproducible results about Química. The paper reports reproducible results about Química. The paper reports reproducible results about Química. ,,
10915/100076,,,Ciencias Informáticas,El trabajo presenta resultados reproducibles sobre Ciencias Informáticas. El trabajo presenta resultados reproducibles sobre Ciencias Informáticas. El trabajo presenta resultados reproducibles sobre Ciencias Informáticas. El trabajo presenta resultados reproducibles sobre Ciencias Informáticas. El trabajo presenta resultados reproducibles sobre Ciencias Informáticas. El trabajo presenta resultados reproducibles sobre Ciencias Informáticas. El trabajo presenta resultados reproducibles sobre Ciencias Informáticas. El trabajo presenta resultados reproducibles sobre Ciencias Informáticas. ,Esta investigación estudia métodos de Ciencias Informáticas para la educación y la sociedad.,Ciencias Informáticas::http://example.org/76||repositorios
10915/100077,,,Educación,El trabajo presenta resultados reproducibles sobre Educación. El trabajo presenta resultados reproducibles sobre Educación. El trabajo presenta resultados reproducibles sobre Educación. El trabajo presenta resultados reproducibles sobre Educación. El trabajo presenta resultados reproducibles sobre Educación. El trabajo presenta resultados reproducibles sobre Educación. El trabajo presenta resultados reproducibles sobre Educación. El trabajo presenta resultados reproducibles sobre Educación. ,Esta investigación estudia métodos de Educación para la educación y la sociedad.,Educación::http://example.org/77||repositorios
10915/100078,The research study presents methods for Historia and education.,Historia::http://example.org/78||repositorios,Historia,The paper reports reproducible results about Historia. The paper reports reproducible results about Historia. The paper reports reproducible results about Historia. The paper reports reproducible results about Historia. The paper reports reproducible results about Historia. The paper reports reproducible results about Historia. The paper reports reproducible results about Historia. The paper reports reproducible results about Historia. ,,
10915/100079,,,Química,El trabajo presenta resultados reproducibles sobre Química. El trabajo presenta resultados reproducibles sobre Química. El trabajo presenta resultados reproducibles sobre Química. El trabajo presenta resultados reproducibles sobre Química. El trabajo presenta resultados reproducibles sobre Química. El trabajo presenta resultados reproducibles sobre Química. El trabajo presenta resultados reproducibles sobre Química. El trabajo presenta resultados reproducibles sobre Química. ,Esta investigación estudia métodos de Química para la educación y la sociedad.,Química::http://example.org/79||repositorios
10915/100080,,,Ciencias Informáticas||Educación,El trabajo presenta resultados reproducibles sobre Ciencias Informáticas. El trabajo presenta resultados reproducibles sobre Ciencias Informáticas. El trabajo presenta resultados reproducibles sobre Ciencias Informáticas. El trabajo presenta resultados reproducibles sobre Ciencias Informáticas. El trabajo presenta resultados reproducibles sobre Ciencias Informáticas. El trabajo presenta resultados reproducibles sobre Ciencias Informáticas. El trabajo presenta resultados reproducibles sobre Ciencias Informáticas. El trabajo presenta resultados reproducibles sobre Ciencias Informáticas. ,Esta investigación estudia métodos de Ciencias Informáticas para la educación y la sociedad.,Ciencias Informáticas::http://example.org/80||repositorios
10915/100081,The research study presents methods for Educación and education.,Educación::http://example.org/81||repositorios,Educación,The paper reports reproducible results about Educación. The paper reports reproducible results about Educación. The paper reports reproducible results about Educación. The paper reports reproducible results about Educación. The paper reports reproducible results about Educación. The paper reports reproducible results about Educación. The paper reports reproducible results about Educación. The paper reports reproducible results about Educación. ,,
10915/100082,,,Historia,El trabajo presenta resultados reproducibles sobre Historia. El trabajo presenta resultados reproducibles sobre Historia. El trabajo presenta resultados reproducibles sobre Historia. El trabajo presenta resultados reproducibles sobre Historia. El trabajo presenta resultados reproducibles sobre Historia. El trabajo presenta resultados reproducibles sobre Historia. El trabajo presenta resultados reproducibles sobre Historia. El trabajo presenta resultados reproducibles sobre Historia. ,Esta investigación estudia métodos de Historia para la educación y la sociedad.,Historia::http://example.org/82||repositorios
10915/100083,,,Química,El trabajo presenta resultados reproducibles sobre Química. El trabajo presenta resultados reproducibles sobre Química. El trabajo presenta resultados reproducibles sobre Química. El trabajo presenta resultados reproducibles sobre Química. El trabajo presenta resultados reproducibles sobre Química. El trabajo presenta resultados reproducibles sobre Química. El trabajo presenta resultados reproducibles sobre Química. El trabajo presenta resultados reproducibles sobre Química. ,Esta investigación estudia métodos de Química para la educación y la sociedad.,Química::http://example.org/83||repositorios
10915/100084,The research study presents methods for Ciencias Informáticas and education.,Ciencias Informáticas::http://example.org/84||repositorios,Ciencias Informáticas,The paper reports reproducible results about Ciencias Informáticas. The paper reports reproducible results about Ciencias Informáticas. The paper reports reproducible results about Ciencias Informáticas. The paper reports reproducible results about Ciencias Informáticas. The paper reports reproducible results about Ciencias Informáticas. The paper reports reproducible results about Ciencias Informáticas. The paper reports reproducible results about Ciencias Informáticas. The paper reports reproducible results about Ciencias Informáticas. ,,
10915/100085,,,Educación||Historia,El trabajo presenta resultados reproducibles sobre Educación. El trabajo presenta resultados reproducibles sobre Educación. El trabajo presenta resultados reproducibles sobre Educación. El trabajo presenta resultados reproducibles sobre Educación. El trabajo presenta resultados reproducibles sobre Educación. El trabajo presenta resultados reproducibles sobre Educación. El trabajo presenta resultados reproducibles sobre Educación. El trabajo presenta resultados reproducibles sobre Educación. ,Esta investigación estudia métodos de Educación para la educación y la sociedad.,Educación::http://example.org/85||repositorios
10915/100086,,,Historia,El trabajo presenta resultados reproducibles sobre Historia. El trabajo presenta resultados reproducibles sobre Historia. El trabajo presenta resultados reproducibles sobre Historia. El trabajo presenta resultados reproducibles sobre Historia. El trabajo presenta resultados reproducibles sobre Historia. El trabajo presenta resultados reproducibles sobre Historia. El trabajo presenta resultados reproducibles sobre Historia. El trabajo presenta resultados reproducibles sobre Historia. ,Esta investigación estudia métodos de Historia para la educación y la sociedad.,Historia::http://example.org/86||repositorios
10915/100087,The research study presents methods for Química and education.,Química::http://example.org/87||repositorios,Química,The paper reports reproducible results about Química. The paper reports reproducible results about Química. The paper reports reproducible results about Química. The paper reports reproducible results about Química. The paper reports reproducible results about Química. The paper reports reproducible results about Química. The paper reports reproducible results about Química. The paper reports reproducible results about Química. ,,
10915/100088,,,Ciencias Informáticas,El trabajo presenta resultados reproducibles sobre Ciencias Informáticas. El trabajo presenta resultados reproducibles sobre Ciencias Informáticas. El trabajo presenta resultados reproducibles sobre Ciencias Informáticas. El trabajo presenta resultados reproducibles sobre Ciencias Informáticas. El trabajo presenta resultados reproducibles sobre Ciencias Informáticas. El trabajo presenta resultados reproducibles sobre Ciencias Informáticas. El trabajo presenta resultados reproducibles sobre Ciencias Informáticas. El trabajo presenta resultados reproducibles sobre Ciencias Informáticas. ,Esta investigación estudia métodos de Ciencias Informáticas para la educación y la sociedad.,Ciencias Informáticas::http://example.org/88||repositorios
10915/100089,,,Educación,El trabajo presenta resultados reproducibles sobre Educación. El trabajo presenta resultados reproducibles sobre Educación. El trabajo presenta resultados reproducibles sobre Educación. El trabajo presenta resultados reproducibles sobre Educación. El trabajo presenta resultados reproducibles sobre Educación. El trabajo presenta resultados reproducibles sobre Educación. El trabajo presenta resultados reproducibles sobre Educación. El trabajo presenta resultados reproducibles sobre Educación. ,Esta investigación estudia métodos de Educación para la educación y la sociedad.,Educación::http://example.org/89||repositorios
10915/100090,The research study presents methods for Historia and education.,Historia::http://example.org/90||repositorios,Historia||Química,The paper reports reproducible results about Historia. The paper reports reproducible results about Historia. The paper reports reproducible results about Historia. The paper reports reproducible results about Historia. The paper reports reproducible results about Historia. The paper reports reproducible results about Historia. The paper reports reproducible results about Historia. The paper reports reproducible results about Historia. ,,
10915/100091,,,Química,El trabajo presenta resultados reproducibles sobre Química. El trabajo presenta resultados reproducibles sobre Química. El trabajo presenta resultados reproducibles sobre Química. El trabajo presenta resultados reproducibles sobre Química. El trabajo presenta resultados reproducibles sobre Química. El trabajo presenta resultados reproducibles sobre Química. El trabajo presenta resultados reproducibles sobre Química. El trabajo presenta resultados reproducibles sobre Química. ,Esta investigación estudia métodos de Química para la educación y la sociedad.,Química::http://example.org/91||repositorios
10915/100092,,,Ciencias Informáticas,El trabajo presenta resultados reproducibles sobre Ciencias Informáticas. El trabajo presenta resultados reproducibles sobre Ciencias Informáticas. El trabajo presenta resultados reproducibles sobre Ciencias Informáticas. El trabajo presenta resultados reproducibles sobre Ciencias Informáticas. El trabajo presenta resultados reproducibles sobre Ciencias Informáticas. El trabajo presenta resultados reproducibles sobre Ciencias Informáticas. El trabajo presenta resultados reproducibles sobre Ciencias Informáticas. El trabajo presenta resultados reproducibles sobre Ciencias Informáticas. ,Esta investigación estudia métodos de Ciencias Informáticas para la educación y la sociedad.,Ciencias Informáticas::http://example.org/92||repositorios
10915/100093,The research study presents methods for Educación and education.,Educación::http://example.org/93||repositorios,Educación,The paper reports reproducible results about Educación. The paper reports reproducible results about Educación. The paper reports reproducible results about Educación. The paper reports reproducible results about Educación. The paper reports reproducible results about Educación. The paper reports reproducible results about Educación. The paper reports reproducible results about Educación. The paper reports reproducible results about Educación. ,,
10915/100094,,,Historia,El trabajo presenta resultados reproducibles sobre Historia. El trabajo presenta resultados reproducibles sobre Historia. El trabajo presenta resultados reproducibles sobre Historia. El trabajo presenta resultados reproducibles sobre Historia. El trabajo presenta resultados reproducibles sobre Historia. El trabajo presenta resultados reproducibles sobre Historia. El trabajo presenta resultados reproducibles sobre Historia. El trabajo presenta resultados reproducibles sobre Historia. ,Esta investigación estudia métodos de Historia para la educación y la sociedad.,Historia::http://example.org/94||repositorios
10915/100095,,,Química||Ciencias Informáticas,El trabajo presenta resultados reproducibles sobre Química. El trabajo presenta resultados reproducibles sobre Química. El trabajo presenta resultados reproducibles sobre Química. El trabajo presenta resultados reproducibles sobre Química. El trabajo presenta resultados reproducibles sobre Química. El trabajo presenta resultados reproducibles sobre Química. El trabajo presenta resultados reproducibles sobre Química. El trabajo presenta resultados reproducibles sobre Química. ,Esta investigación estudia métodos de Química para la educación y la sociedad.,Química::http://example.org/95||repositorios
10915/100096,The research study presents methods for Ciencias Informáticas and education.,Ciencias Informáticas::http://example.org/96||repositorios,Ciencias Informáticas,The paper reports reproducible results about Ciencias Informáticas. The paper reports reproducible results about Ciencias Informáticas. The paper reports reproducible results about Ciencias Informáticas. The paper reports reproducible results about Ciencias Informáticas. The paper reports reproducible results about Ciencias Informáticas. The paper reports reproducible results about Ciencias Informáticas. The paper reports reproducible results about Ciencias Informáticas. The paper reports reproducible results about Ciencias Informáticas. ,,
10915/100097,,,Educación,El trabajo presenta resultados reproducibles sobre Educación. El trabajo presenta resultados reproducibles sobre Educación. El trabajo presenta resultados reproducibles sobre Educación. El trabajo presenta resultados reproducibles sobre Educación. El trabajo presenta resultados reproducibles sobre Educación. El trabajo presenta resultados reproducibles sobre Educación. El trabajo presenta resultados reproducibles sobre Educación. El trabajo presenta resultados reproducibles sobre Educación. ,Esta investigación estudia métodos de Educación para la educación y la sociedad.,Educación::http://example.org/97||repositorios
10915/100098,,,Historia,El trabajo presenta resultados reproducibles sobre Historia. El trabajo presenta resultados reproducibles sobre Historia. El trabajo presenta resultados reproducibles sobre Historia. El trabajo presenta resultados reproducibles sobre Historia. El trabajo presenta resultados reproducibles sobre Historia. El trabajo presenta resultados reproducibles sobre Historia. El trabajo presenta resultados reproducibles sobre Historia. El trabajo presenta resultados reproducibles sobre Historia. ,Esta investigación estudia métodos de Historia para la educación y la sociedad.,Historia::http://example.org/98||repositorios
10915/100099,The research study presents methods for Química and education.,Química::http://example.org/99||repositorios,Química,The paper reports reproducible results about Química. The paper reports reproducible results about Química. The paper reports reproducible results about Química. The paper reports reproducible results about Química. The paper reports reproducible results about Química. The paper reports reproducible results about Química. The paper reports reproducible results about Química. The paper reports reproducible results about Química. ,,
10915/100100,,,Ciencias Informáticas||Educación,El trabajo presenta resultados reproducibles sobre Ciencias Informáticas. El trabajo presenta resultados reproducibles sobre Ciencias Informáticas. El trabajo presenta resultados reproducibles sobre Ciencias Informáticas. El trabajo presenta resultados reproducibles sobre Ciencias Informáticas. El trabajo presenta resultados reproducibles sobre Ciencias Informáticas. El trabajo presenta resultados reproducibles sobre Ciencias Informáticas. El trabajo presenta resultados reproducibles sobre Ciencias Informáticas. El trabajo presenta resultados reproducibles sobre Ciencias Informáticas. ,Esta investigación estudia métodos de Ciencias Informáticas para la educación y la sociedad.,Ciencias Informáticas::http://example.org/100||repositorios
10915/100101,,,Educación,El trabajo presenta resultados reproducibles sobre Educación. El trabajo presenta resultados reproducibles sobre Educación. El trabajo presenta resultados reproducibles sobre Educación. El trabajo presenta resultados reproducibles sobre Educación. El trabajo presenta resultados reproducibles sobre Educación. El trabajo presenta resultados reproducibles sobre Educación. El trabajo presenta resultados reproducibles sobre Educación. El trabajo presenta resultados reproducibles sobre Educación. ,Esta investigación estudia métodos de Educación para la educación y la sociedad.,Educación::http://example.org/101||repositorios
10915/100102,The research study presents methods for Historia and education.,Historia::http://example.org/102||repositorios,Historia,The paper reports reproducible results about Historia. The paper reports reproducible results about Historia. The paper reports reproducible results about Historia. The paper reports reproducible results about Historia. The paper reports reproducible results about Historia. The paper reports reproducible results about Historia. The paper reports reproducible results about Historia. The paper reports reproducible results about Historia. ,,
10915/100103,,,Química,El trabajo presenta resultados reproducibles sobre Química. El trabajo presenta resultados reproducibles sobre Química. El trabajo presenta resultados reproducibles sobre Química. El trabajo presenta resultados reproducibles sobre Química. El trabajo presenta resultados reproducibles sobre Química. El trabajo presenta resultados reproducibles sobre Química. El trabajo presenta resultados reproducibles sobre Química. El trabajo presenta resultados reproducibles sobre Química. ,Esta investigación estudia métodos de Química para la educación y la sociedad.,Química::http://example.org/103||repositorios
10915/100104,,,Ciencias Informáticas,El trabajo presenta resultados reproducibles sobre Ciencias Informáticas. El trabajo presenta resultados reproducibles sobre Ciencias Informáticas. El trabajo presenta resultados reproducibles sobre Ciencias Informáticas. El trabajo presenta resultados reproducibles sobre Ciencias Informáticas. El trabajo presenta resultados reproducibles sobre Ciencias Informáticas. El trabajo presenta resultados reproducibles sobre Ciencias Informáticas. El trabajo presenta resultados reproducibles sobre Ciencias Informáticas. El trabajo presenta resultados reproducibles sobre Ciencias Informáticas. ,Esta investigación estudia métodos de Ciencias Informáticas para la educación y la sociedad.,Ciencias Informáticas::http://example.org/104||repositorios
10915/100105,The research study presents methods for Educación and education.,Educación::http://example.org/105||repositorios,Educación||Historia,The paper reports reproducible results about Educación. The paper reports reproducible results about Educación. The paper reports reproducible results about Educación. The paper reports reproducible results about Educación. The paper reports reproducible results about Educación. The paper reports reproducible results about Educación. The paper reports reproducible results about Educación. The paper reports reproducible results about Educación. ,,
10915/100106,,,Historia,El trabajo presenta resultados reproducibles sobre Historia. El trabajo presenta resultados reproducibles sobre Historia. El trabajo presenta resultados reproducibles sobre Historia. El trabajo presenta resultados reproducibles sobre Historia. El trabajo presenta resultados reproducibles sobre Historia. El trabajo presenta resultados reproducibles sobre Historia. El trabajo presenta resultados reproducibles sobre Historia. El trabajo presenta resultados reproducibles sobre Historia. ,Esta investigación estudia métodos de Historia para la educación y la sociedad.,Historia::http://example.org/106||repositorios
10915/100107,,,Química,El trabajo presenta resultados reproducibles sobre Química. El trabajo presenta resultados reproducibles sobre Química. El trabajo presenta resultados reproducibles sobre Química. El trabajo presenta resultados reproducibles sobre Química. El trabajo presenta resultados reproducibles sobre Química. El trabajo presenta resultados reproducibles sobre Química. El trabajo presenta resultados reproducibles sobre Química. El trabajo presenta resultados reproducibles sobre Química. ,Esta investigación estudia métodos de Química para la educación y la sociedad.,Química::http://example.org/107||repositorios
10915/100108,The research study presents methods for Ciencias Informáticas and education.,Ciencias Informáticas::http://example.org/108||repositorios,Ciencias Informáticas,The paper reports reproducible results about Ciencias Informáticas. The paper reports reproducible results about Ciencias Informáticas. The paper reports reproducible results about Ciencias Informáticas. The paper reports reproducible results about Ciencias Informáticas. The paper reports reproducible results about Ciencias Informáticas. The paper reports reproducible results about Ciencias Informáticas. The paper reports reproducible results about Ciencias Informáticas. The paper reports reproducible results about Ciencias Informáticas. ,,
10915/100109,,,Educación,El trabajo presenta resultados reproducibles sobre Educación. El trabajo presenta resultados reproducibles sobre Educación. El trabajo presenta resultados reproducibles sobre Educación. El trabajo presenta resultados reproducibles sobre Educación. El trabajo presenta resultados reproducibles sobre Educación. El trabajo presenta resultados reproducibles sobre Educación. El trabajo presenta resultados reproducibles sobre Educación. El trabajo presenta resultados reproducibles sobre Educación. ,Esta investigación estudia métodos de Educación para la educación y la sociedad.,Educación::http://example.org/109||repositorios
10915/100110,,,Historia||Química,El trabajo presenta resultados reproducibles sobre Historia. El trabajo presenta resultados reproducibles sobre Historia. El trabajo presenta resultados reproducibles sobre Historia. El trabajo presenta resultados reproducibles sobre Historia. El trabajo presenta resultados reproducibles sobre Historia. El trabajo presenta resultados reproducibles sobre Historia. El trabajo presenta resultados reproducibles sobre Historia. El trabajo presenta resultados reproducibles sobre Historia. ,Esta investigación estudia métodos de Historia para la educación y la sociedad.,Historia::http://example.org/110||repositorios
10915/100111,The research study presents methods for Química and education.,Química::http://example.org/111||repositorios,Química,The paper reports reproducible results about Química. The paper reports reproducible results about Química. The paper reports reproducible results about Química. The paper reports reproducible results about Química. The paper reports reproducible results about Química. The paper reports reproducible results about Química. The paper reports reproducible results about Química. The paper reports reproducible results about Química. ,,
10915/100112,,,Ciencias Informáticas,El trabajo presenta resultados reproducibles sobre Ciencias Informáticas. El trabajo presenta resultados reproducibles sobre Ciencias Informáticas. El trabajo presenta resultados reproducibles sobre Ciencias Informáticas. El trabajo presenta resultados reproducibles sobre Ciencias Informáticas. El trabajo presenta resultados reproducibles sobre Ciencias Informáticas. El trabajo presenta resultados reproducibles sobre Ciencias Informáticas. El trabajo presenta resultados reproducibles sobre Ciencias Informáticas. El trabajo presenta resultados reproducibles sobre Ciencias Informáticas. ,Esta investigación estudia métodos de Ciencias Informáticas para la educación y la sociedad.,Ciencias Informáticas::http://example.org/112||repositorios
10915/100113,,,Educación,El trabajo presenta resultados reproducibles sobre Educación. El trabajo presenta resultados reproducibles sobre Educación. El trabajo presenta resultados reproducibles sobre Educación. El trabajo presenta resultados reproducibles sobre Educación. El trabajo presenta resultados reproducibles sobre Educación. El trabajo presenta resultados reproducibles sobre Educación. El trabajo presenta resultados reproducibles sobre Educación. El trabajo presenta resultados reproducibles sobre Educación. ,Esta investigación estudia métodos de Educación para la educación y la sociedad.,Educación::http://example.org/113||repositorios
10915/100114,The research study presents methods for Historia and education.,Historia::http://example.org/114||repositorios,Historia,The paper reports reproducible results about Historia. The paper reports reproducible results about Historia. The paper reports reproducible results about Historia. The paper reports reproducible results about Historia. The paper reports reproducible results about Historia. The paper reports reproducible results about Historia. The paper reports reproducible results about Historia. The paper reports reproducible results about Historia. ,,
10915/100115,,,Química||Ciencias Informáticas,El trabajo presenta resultados reproducibles sobre Química. El trabajo presenta resultados reproducibles sobre Química. El trabajo presenta resultados reproducibles sobre Química. El trabajo presenta resultados reproducibles sobre Química. El trabajo presenta resultados reproducibles sobre Química. El trabajo presenta resultados reproducibles sobre Química. El trabajo presenta resultados reproducibles sobre Química. El trabajo presenta resultados reproducibles sobre Química. ,Esta investigación estudia métodos de Química para la educación y la sociedad.,Química::http://example.org/115||repositorios
10915/100116,,,Ciencias Informáticas,El trabajo presenta resultados reproducibles sobre Ciencias Informáticas. El trabajo presenta resultados reproducibles sobre Ciencias Informáticas. El trabajo presenta resultados reproducibles sobre Ciencias Informáticas. El trabajo presenta resultados reproducibles sobre Ciencias Informáticas. El trabajo presenta resultados reproducibles sobre Ciencias Informáticas. El trabajo presenta resultados reproducibles sobre Ciencias Informáticas. El trabajo presenta resultados reproducibles sobre Ciencias Informáticas. El trabajo presenta resultados reproducibles sobre Ciencias Informáticas. ,Esta investigación estudia métodos de Ciencias Informáticas para la educación y la sociedad.,Ciencias Informáticas::http://example.org/116||repositorios
10915/100117,The research study presents methods for Educación and education.,Educación::http://example.org/117||repositorios,Educación,The paper reports reproducible results about Educación. The paper reports reproducible results about Educación. The paper reports reproducible results about Educación. The paper reports reproducible results about Educación. The paper reports reproducible results about Educación. The paper reports reproducible results about Educación. The paper reports reproducible results about Educación. The paper reports reproducible results about Educación. ,,
10915/100118,,,Historia,El trabajo presenta resultados reproducibles sobre Historia. El trabajo presenta resultados reproducibles sobre Historia. El trabajo presenta resultados reproducibles sobre Historia. El trabajo presenta resultados reproducibles sobre Historia. El trabajo presenta resultados reproducibles sobre Historia. El trabajo presenta resultados reproducibles sobre Historia. El trabajo presenta resultados reproducibles sobre Historia. El trabajo presenta resultados reproducibles sobre Historia. ,Esta investigación estudia métodos de Historia para la educación y la sociedad.,Historia::http://example.org/118||repositorios
10915/100119,,,Química,El trabajo presenta resultados reproducibles sobre Química. El trabajo presenta resultados reproducibles sobre Química. El trabajo presenta resultados reproducibles sobre Química. El trabajo presenta resultados reproducibles sobre Química. El trabajo presenta resultados reproducibles sobre Química. El trabajo presenta resultados reproducibles sobre Química. El trabajo presenta resultados reproducibles sobre Química. El trabajo presenta resultados reproducibles sobre Química. ,Esta investigación estudia métodos de Química para la educación y la sociedad.,Química::http://example.org/119||repositorios
